{
	"textures": [
		{
			"image": "fish.png",
			"format": "RGBA8888",
			"size": {
				"w": 194,
				"h": 43
			},
			"scale": 1,
			"frames": [
				{
					"filename": "fishDead.png",
					"rotated": false,
					"trimmed": false,
					"sourceSize": {
						"w": 66,
						"h": 42
					},
					"spriteSourceSize": {
						"x": 0,
						"y": 0,
						"w": 66,
						"h": 42
					},
					"frame": {
						"x": 0,
						"y": 0,
						"w": 66,
						"h": 42
					}
				},
				{
					"filename": "fishSwim1.png",
					"rotated": false,
					"trimmed": false,
					"sourceSize": {
						"w": 66,
						"h": 42
					},
					"spriteSourceSize": {
						"x": 0,
						"y": 0,
						"w": 66,
						"h": 42
					},
					"frame": {
						"x": 66,
						"y": 0,
						"w": 66,
						"h": 42
					}
				},
				{
					"filename": "fishSwim2.png",
					"rotated": false,
					"trimmed": false,
					"sourceSize": {
						"w": 62,
						"h": 43
					},
					"spriteSourceSize": {
						"x": 0,
						"y": 0,
						"w": 62,
						"h": 43
					},
					"frame": {
						"x": 132,
						"y": 0,
						"w": 62,
						"h": 43
					}
				}
			]
		}
	],
	"meta": {
		"app": "https://www.codeandweb.com/texturepacker",
		"version": "3.0",
		"smartupdate": "$TexturePacker:SmartUpdate:9b7ce74de66efc6b0137188e398f808b:b8237566b2debdf209fe8982af03b65b:8d6d90e8f48b9264619fb7c7934eace4$"
	}
}
