{
	"textures": [
		{
			"image": "mouse.png",
			"format": "RGBA8888",
			"size": {
				"w": 59,
				"h": 105
			},
			"scale": 1,
			"frames": [
				{
					"filename": "mouse.png",
					"rotated": false,
					"trimmed": false,
					"sourceSize": {
						"w": 59,
						"h": 35
					},
					"spriteSourceSize": {
						"x": 0,
						"y": 0,
						"w": 59,
						"h": 35
					},
					"frame": {
						"x": 0,
						"y": 0,
						"w": 59,
						"h": 35
					}
				},
				{
					"filename": "mouse_dead.png",
					"rotated": false,
					"trimmed": false,
					"sourceSize": {
						"w": 59,
						"h": 35
					},
					"spriteSourceSize": {
						"x": 0,
						"y": 0,
						"w": 59,
						"h": 35
					},
					"frame": {
						"x": 0,
						"y": 35,
						"w": 59,
						"h": 35
					}
				},
				{
					"filename": "mouse_walk.png",
					"rotated": false,
					"trimmed": false,
					"sourceSize": {
						"w": 58,
						"h": 35
					},
					"spriteSourceSize": {
						"x": 0,
						"y": 0,
						"w": 58,
						"h": 35
					},
					"frame": {
						"x": 0,
						"y": 70,
						"w": 58,
						"h": 35
					}
				}
			]
		}
	],
	"meta": {
		"app": "https://www.codeandweb.com/texturepacker",
		"version": "3.0",
		"smartupdate": "$TexturePacker:SmartUpdate:a7f84dec73fe0aa4925698643f5adb68:1e97e120e7692ef2e66585a4340c6ee0:cce20e9c955816a05cd8e3dc11a0bf85$"
	}
}
