{
	"textures": [
		{
			"image": "door.png",
			"format": "RGBA8888",
			"size": {
				"w": 72,
				"h": 284
			},
			"scale": 1,
			"frames": [
				{
					"filename": "doorLocked.png",
					"rotated": false,
					"trimmed": false,
					"sourceSize": {
						"w": 70,
						"h": 140
					},
					"spriteSourceSize": {
						"x": 0,
						"y": 0,
						"w": 70,
						"h": 140
					},
					"frame": {
						"x": 1,
						"y": 1,
						"w": 70,
						"h": 140
					}
				},
				{
					"filename": "doorUnlocked.png",
					"rotated": false,
					"trimmed": false,
					"sourceSize": {
						"w": 70,
						"h": 140
					},
					"spriteSourceSize": {
						"x": 0,
						"y": 0,
						"w": 70,
						"h": 140
					},
					"frame": {
						"x": 1,
						"y": 143,
						"w": 70,
						"h": 140
					}
				}
			]
		}
	],
	"meta": {
		"app": "https://www.codeandweb.com/texturepacker",
		"version": "3.0",
		"smartupdate": "$TexturePacker:SmartUpdate:e34d459828b0ffb98963f9bb14a6b894:472070f129189c21638096a393aa2167:2a34754d8ab80f40243b52c06ba4cba5$"
	}
}
