{
	"textures": [
		{
			"image": "fly.png",
			"format": "RGBA8888",
			"size": {
				"w": 206,
				"h": 36
			},
			"scale": 1,
			"frames": [
				{
					"filename": "flyDead.png",
					"rotated": false,
					"trimmed": false,
					"sourceSize": {
						"w": 59,
						"h": 33
					},
					"spriteSourceSize": {
						"x": 0,
						"y": 0,
						"w": 59,
						"h": 33
					},
					"frame": {
						"x": 0,
						"y": 0,
						"w": 59,
						"h": 33
					}
				},
				{
					"filename": "flyFly1.png",
					"rotated": false,
					"trimmed": false,
					"sourceSize": {
						"w": 72,
						"h": 36
					},
					"spriteSourceSize": {
						"x": 0,
						"y": 0,
						"w": 72,
						"h": 36
					},
					"frame": {
						"x": 59,
						"y": 0,
						"w": 72,
						"h": 36
					}
				},
				{
					"filename": "flyFly2.png",
					"rotated": false,
					"trimmed": false,
					"sourceSize": {
						"w": 75,
						"h": 31
					},
					"spriteSourceSize": {
						"x": 0,
						"y": 0,
						"w": 75,
						"h": 31
					},
					"frame": {
						"x": 131,
						"y": 0,
						"w": 75,
						"h": 31
					}
				}
			]
		}
	],
	"meta": {
		"app": "https://www.codeandweb.com/texturepacker",
		"version": "3.0",
		"smartupdate": "$TexturePacker:SmartUpdate:bcb11f393b9006e61c2c64dd4be41702:0a509d8029e9c33e8a8d5de4f54174e7:7a61be702b5a5cb11c1b01896b1d86f6$"
	}
}
