{
	"textures": [
		{
			"image": "umbrella.png",
			"format": "RGBA8888",
			"size": {
				"w": 96,
				"h": 67
			},
			"scale": 1,
			"frames": [
				{
					"filename": "umbrellaOpen.png",
					"rotated": false,
					"trimmed": true,
					"sourceSize": {
						"w": 70,
						"h": 70
					},
					"spriteSourceSize": {
						"x": 2,
						"y": 2,
						"w": 68,
						"h": 67
					},
					"frame": {
						"x": 0,
						"y": 0,
						"w": 68,
						"h": 67
					}
				},
				{
					"filename": "umbrellaClosed.png",
					"rotated": false,
					"trimmed": true,
					"sourceSize": {
						"w": 70,
						"h": 70
					},
					"spriteSourceSize": {
						"x": 21,
						"y": 2,
						"w": 28,
						"h": 67
					},
					"frame": {
						"x": 68,
						"y": 0,
						"w": 28,
						"h": 67
					}
				}
			]
		}
	],
	"meta": {
		"app": "https://www.codeandweb.com/texturepacker",
		"version": "3.0",
		"smartupdate": "$TexturePacker:SmartUpdate:de699c3fd772b397f70bd533295687fd:4af544b1c674fb98e7b639fc392908c7:cc96af1d9e46bba37b842ae1132054f8$"
	}
}
