{
	"textures": [
		{
			"image": "worm.png",
			"format": "RGBA8888",
			"size": {
				"w": 189,
				"h": 23
			},
			"scale": 1,
			"frames": [
				{
					"filename": "worm.png",
					"rotated": false,
					"trimmed": false,
					"sourceSize": {
						"w": 63,
						"h": 23
					},
					"spriteSourceSize": {
						"x": 0,
						"y": 0,
						"w": 63,
						"h": 23
					},
					"frame": {
						"x": 0,
						"y": 0,
						"w": 63,
						"h": 23
					}
				},
				{
					"filename": "worm_dead.png",
					"rotated": false,
					"trimmed": false,
					"sourceSize": {
						"w": 63,
						"h": 23
					},
					"spriteSourceSize": {
						"x": 0,
						"y": 0,
						"w": 63,
						"h": 23
					},
					"frame": {
						"x": 63,
						"y": 0,
						"w": 63,
						"h": 23
					}
				},
				{
					"filename": "worm_walk.png",
					"rotated": false,
					"trimmed": false,
					"sourceSize": {
						"w": 63,
						"h": 23
					},
					"spriteSourceSize": {
						"x": 0,
						"y": 0,
						"w": 63,
						"h": 23
					},
					"frame": {
						"x": 126,
						"y": 0,
						"w": 63,
						"h": 23
					}
				}
			]
		}
	],
	"meta": {
		"app": "https://www.codeandweb.com/texturepacker",
		"version": "3.0",
		"smartupdate": "$TexturePacker:SmartUpdate:11aeda561e865854a1530603081b2d24:88348c351e38f6bb3d1c0e6616915eb3:4ac2f3c273e27116194387cba1e414e0$"
	}
}
