{
	"textures": [
		{
			"image": "bomb.png",
			"format": "RGBA8888",
			"size": {
				"w": 210,
				"h": 70
			},
			"scale": 1,
			"frames": [
				{
					"filename": "bomb.png",
					"rotated": false,
					"trimmed": false,
					"sourceSize": {
						"w": 140,
						"h": 70
					},
					"spriteSourceSize": {
						"x": 0,
						"y": 0,
						"w": 140,
						"h": 70
					},
					"frame": {
						"x": 0,
						"y": 0,
						"w": 140,
						"h": 70
					}
				},
				{
					"filename": "bombFlash.png",
					"rotated": false,
					"trimmed": false,
					"sourceSize": {
						"w": 70,
						"h": 70
					},
					"spriteSourceSize": {
						"x": 0,
						"y": 0,
						"w": 70,
						"h": 70
					},
					"frame": {
						"x": 140,
						"y": 0,
						"w": 70,
						"h": 70
					}
				}
			]
		}
	],
	"meta": {
		"app": "https://www.codeandweb.com/texturepacker",
		"version": "3.0",
		"smartupdate": "$TexturePacker:SmartUpdate:17479d03ef57770e3f1ced0526beacf0:1bc88813606197ec4d258c7e37b307b3:f63ee348f1e457e41f792cb710b5b64f$"
	}
}
