{
	"textures": [
		{
			"image": "snail.png",
			"format": "RGBA8888",
			"size": {
				"w": 199,
				"h": 31
			},
			"scale": 1,
			"frames": [
				{
					"filename": "snailShell.png",
					"rotated": false,
					"trimmed": false,
					"sourceSize": {
						"w": 44,
						"h": 30
					},
					"spriteSourceSize": {
						"x": 0,
						"y": 0,
						"w": 44,
						"h": 30
					},
					"frame": {
						"x": 0,
						"y": 0,
						"w": 44,
						"h": 30
					}
				},
				{
					"filename": "snailShell_upsidedown.png",
					"rotated": false,
					"trimmed": false,
					"sourceSize": {
						"w": 44,
						"h": 30
					},
					"spriteSourceSize": {
						"x": 0,
						"y": 0,
						"w": 44,
						"h": 30
					},
					"frame": {
						"x": 44,
						"y": 0,
						"w": 44,
						"h": 30
					}
				},
				{
					"filename": "snailWalk1.png",
					"rotated": false,
					"trimmed": false,
					"sourceSize": {
						"w": 54,
						"h": 31
					},
					"spriteSourceSize": {
						"x": 0,
						"y": 0,
						"w": 54,
						"h": 31
					},
					"frame": {
						"x": 88,
						"y": 0,
						"w": 54,
						"h": 31
					}
				},
				{
					"filename": "snailWalk2.png",
					"rotated": false,
					"trimmed": false,
					"sourceSize": {
						"w": 57,
						"h": 31
					},
					"spriteSourceSize": {
						"x": 0,
						"y": 0,
						"w": 57,
						"h": 31
					},
					"frame": {
						"x": 142,
						"y": 0,
						"w": 57,
						"h": 31
					}
				}
			]
		}
	],
	"meta": {
		"app": "https://www.codeandweb.com/texturepacker",
		"version": "3.0",
		"smartupdate": "$TexturePacker:SmartUpdate:ef714e409579f7fb3c5c39d4409d0e6e:1943cfdb5a83f7f647c5d6aad71eddd9:32ca7aba8ea6510ee6e100a3eee876c7$"
	}
}
