{
	"textures": [
		{
			"image": "bee.png",
			"format": "RGBA8888",
			"size": {
				"w": 173,
				"h": 48
			},
			"scale": 1,
			"frames": [
				{
					"filename": "bee.png",
					"rotated": false,
					"trimmed": false,
					"sourceSize": {
						"w": 56,
						"h": 48
					},
					"spriteSourceSize": {
						"x": 0,
						"y": 0,
						"w": 56,
						"h": 48
					},
					"frame": {
						"x": 0,
						"y": 0,
						"w": 56,
						"h": 48
					}
				},
				{
					"filename": "bee_dead.png",
					"rotated": false,
					"trimmed": false,
					"sourceSize": {
						"w": 56,
						"h": 48
					},
					"spriteSourceSize": {
						"x": 0,
						"y": 0,
						"w": 56,
						"h": 48
					},
					"frame": {
						"x": 56,
						"y": 0,
						"w": 56,
						"h": 48
					}
				},
				{
					"filename": "bee_fly.png",
					"rotated": false,
					"trimmed": false,
					"sourceSize": {
						"w": 61,
						"h": 42
					},
					"spriteSourceSize": {
						"x": 0,
						"y": 0,
						"w": 61,
						"h": 42
					},
					"frame": {
						"x": 112,
						"y": 0,
						"w": 61,
						"h": 42
					}
				}
			]
		}
	],
	"meta": {
		"app": "https://www.codeandweb.com/texturepacker",
		"version": "3.0",
		"smartupdate": "$TexturePacker:SmartUpdate:d2a3cad673daa2703e8f6c73d1377098:bcc47484614e32858f519e9d5974d5d9:1370451075ca5a23531a09c50c3033e0$"
	}
}
