{
	"textures": [
		{
			"image": "buttonYellow.png",
			"format": "RGBA8888",
			"size": {
				"w": 140,
				"h": 70
			},
			"scale": 1,
			"frames": [
				{
					"filename": "buttonYellow.png",
					"rotated": false,
					"trimmed": false,
					"sourceSize": {
						"w": 70,
						"h": 70
					},
					"spriteSourceSize": {
						"x": 0,
						"y": 0,
						"w": 70,
						"h": 70
					},
					"frame": {
						"x": 0,
						"y": 0,
						"w": 70,
						"h": 70
					}
				},
				{
					"filename": "buttonYellow_pressed.png",
					"rotated": false,
					"trimmed": false,
					"sourceSize": {
						"w": 70,
						"h": 70
					},
					"spriteSourceSize": {
						"x": 0,
						"y": 0,
						"w": 70,
						"h": 70
					},
					"frame": {
						"x": 70,
						"y": 0,
						"w": 70,
						"h": 70
					}
				}
			]
		}
	],
	"meta": {
		"app": "https://www.codeandweb.com/texturepacker",
		"version": "3.0",
		"smartupdate": "$TexturePacker:SmartUpdate:48479d85b30eb87c79b4924b9a338853:de5d4cffc7d1fe6b68e8ce63df536082:5683fba82d02c8632875d692b71618aa$"
	}
}
