{
	"textures": [
		{
			"image": "greenPLayer.png",
			"format": "RGBA8888",
			"size": {
				"w": 968,
				"h": 95
			},
			"scale": 1,
			"frames": [
				{
					"filename": "p1_front.png",
					"rotated": false,
					"trimmed": false,
					"sourceSize": {
						"w": 66,
						"h": 92
					},
					"spriteSourceSize": {
						"x": 0,
						"y": 0,
						"w": 66,
						"h": 92
					},
					"frame": {
						"x": 0,
						"y": 0,
						"w": 66,
						"h": 92
					},
					"anchor": {
						"x": 0.5,
						"y": 0.5
					}
				},
				{
					"filename": "p1_hurt.png",
					"rotated": false,
					"trimmed": false,
					"sourceSize": {
						"w": 69,
						"h": 92
					},
					"spriteSourceSize": {
						"x": 0,
						"y": 0,
						"w": 69,
						"h": 92
					},
					"frame": {
						"x": 66,
						"y": 0,
						"w": 69,
						"h": 92
					},
					"anchor": {
						"x": 0.5,
						"y": 0.5
					}
				},
				{
					"filename": "p1_jump.png",
					"rotated": false,
					"trimmed": false,
					"sourceSize": {
						"w": 67,
						"h": 94
					},
					"spriteSourceSize": {
						"x": 0,
						"y": 0,
						"w": 67,
						"h": 94
					},
					"frame": {
						"x": 135,
						"y": 0,
						"w": 67,
						"h": 94
					},
					"anchor": {
						"x": 0.5,
						"y": 0.5
					}
				},
				{
					"filename": "p1_walk01.png",
					"rotated": false,
					"trimmed": false,
					"sourceSize": {
						"w": 68,
						"h": 95
					},
					"spriteSourceSize": {
						"x": 4,
						"y": 0,
						"w": 68,
						"h": 95
					},
					"frame": {
						"x": 202,
						"y": 0,
						"w": 68,
						"h": 95
					},
					"anchor": {
						"x": 0.47058823529411764,
						"y": 0.5105263157894737
					}
				},
				{
					"filename": "p1_walk02.png",
					"rotated": false,
					"trimmed": false,
					"sourceSize": {
						"w": 67,
						"h": 94
					},
					"spriteSourceSize": {
						"x": 5,
						"y": 0,
						"w": 67,
						"h": 94
					},
					"frame": {
						"x": 270,
						"y": 0,
						"w": 67,
						"h": 94
					},
					"anchor": {
						"x": 0.4626865671641791,
						"y": 0.5159574468085106
					}
				},
				{
					"filename": "p1_walk03.png",
					"rotated": false,
					"trimmed": false,
					"sourceSize": {
						"w": 72,
						"h": 93
					},
					"spriteSourceSize": {
						"x": 0,
						"y": 0,
						"w": 72,
						"h": 93
					},
					"frame": {
						"x": 337,
						"y": 0,
						"w": 72,
						"h": 93
					},
					"anchor": {
						"x": 0.5,
						"y": 0.521505376344086
					}
				},
				{
					"filename": "p1_walk04.png",
					"rotated": false,
					"trimmed": false,
					"sourceSize": {
						"w": 72,
						"h": 94
					},
					"spriteSourceSize": {
						"x": 0,
						"y": 0,
						"w": 72,
						"h": 94
					},
					"frame": {
						"x": 409,
						"y": 0,
						"w": 72,
						"h": 94
					},
					"anchor": {
						"x": 0.5,
						"y": 0.5159574468085106
					}
				},
				{
					"filename": "p1_walk05.png",
					"rotated": false,
					"trimmed": false,
					"sourceSize": {
						"w": 72,
						"h": 95
					},
					"spriteSourceSize": {
						"x": 0,
						"y": 1,
						"w": 72,
						"h": 95
					},
					"frame": {
						"x": 481,
						"y": 0,
						"w": 72,
						"h": 95
					},
					"anchor": {
						"x": 0.5,
						"y": 0.5
					}
				},
				{
					"filename": "p1_walk06.png",
					"rotated": false,
					"trimmed": false,
					"sourceSize": {
						"w": 71,
						"h": 94
					},
					"spriteSourceSize": {
						"x": 0,
						"y": 3,
						"w": 71,
						"h": 94
					},
					"frame": {
						"x": 553,
						"y": 0,
						"w": 71,
						"h": 94
					},
					"anchor": {
						"x": 0.5070422535211268,
						"y": 0.48404255319148937
					}
				},
				{
					"filename": "p1_walk07.png",
					"rotated": false,
					"trimmed": false,
					"sourceSize": {
						"w": 71,
						"h": 94
					},
					"spriteSourceSize": {
						"x": 0,
						"y": 3,
						"w": 71,
						"h": 94
					},
					"frame": {
						"x": 624,
						"y": 0,
						"w": 71,
						"h": 94
					},
					"anchor": {
						"x": 0.5070422535211268,
						"y": 0.48404255319148937
					}
				},
				{
					"filename": "p1_walk08.png",
					"rotated": false,
					"trimmed": false,
					"sourceSize": {
						"w": 68,
						"h": 93
					},
					"spriteSourceSize": {
						"x": 2,
						"y": 4,
						"w": 68,
						"h": 93
					},
					"frame": {
						"x": 695,
						"y": 0,
						"w": 68,
						"h": 93
					},
					"anchor": {
						"x": 0.5,
						"y": 0.478494623655914
					}
				},
				{
					"filename": "p1_walk09.png",
					"rotated": false,
					"trimmed": false,
					"sourceSize": {
						"w": 68,
						"h": 93
					},
					"spriteSourceSize": {
						"x": 2,
						"y": 4,
						"w": 68,
						"h": 93
					},
					"frame": {
						"x": 763,
						"y": 0,
						"w": 68,
						"h": 93
					},
					"anchor": {
						"x": 0.5,
						"y": 0.478494623655914
					}
				},
				{
					"filename": "p1_walk10.png",
					"rotated": false,
					"trimmed": false,
					"sourceSize": {
						"w": 69,
						"h": 94
					},
					"spriteSourceSize": {
						"x": 2,
						"y": 3,
						"w": 69,
						"h": 94
					},
					"frame": {
						"x": 831,
						"y": 0,
						"w": 69,
						"h": 94
					},
					"anchor": {
						"x": 0.4927536231884058,
						"y": 0.48404255319148937
					}
				},
				{
					"filename": "p1_walk11.png",
					"rotated": false,
					"trimmed": false,
					"sourceSize": {
						"w": 68,
						"h": 94
					},
					"spriteSourceSize": {
						"x": 3,
						"y": 2,
						"w": 68,
						"h": 94
					},
					"frame": {
						"x": 900,
						"y": 0,
						"w": 68,
						"h": 94
					},
					"anchor": {
						"x": 0.4852941176470588,
						"y": 0.4946808510638298
					}
				}
			]
		}
	],
	"meta": {
		"app": "https://www.codeandweb.com/texturepacker",
		"version": "3.0",
		"smartupdate": "$TexturePacker:SmartUpdate:fd09fd64f98c55c6f5cfc8b3bd146378:89cd70d5617caed3cb8c0011246ec434:5838ffa961547940a0c51eed61b4e280$"
	}
}
