{
	"textures": [
		{
			"image": "spider.png",
			"format": "RGBA8888",
			"size": {
				"w": 218,
				"h": 53
			},
			"scale": 1,
			"frames": [
				{
					"filename": "spider_dead.png",
					"rotated": false,
					"trimmed": false,
					"sourceSize": {
						"w": 69,
						"h": 51
					},
					"spriteSourceSize": {
						"x": 0,
						"y": 0,
						"w": 69,
						"h": 51
					},
					"frame": {
						"x": 0,
						"y": 0,
						"w": 69,
						"h": 51
					}
				},
				{
					"filename": "spider_walk1.png",
					"rotated": false,
					"trimmed": false,
					"sourceSize": {
						"w": 72,
						"h": 51
					},
					"spriteSourceSize": {
						"x": 0,
						"y": 0,
						"w": 72,
						"h": 51
					},
					"frame": {
						"x": 69,
						"y": 0,
						"w": 72,
						"h": 51
					}
				},
				{
					"filename": "spider_walk2.png",
					"rotated": false,
					"trimmed": false,
					"sourceSize": {
						"w": 77,
						"h": 53
					},
					"spriteSourceSize": {
						"x": 0,
						"y": 0,
						"w": 77,
						"h": 53
					},
					"frame": {
						"x": 141,
						"y": 0,
						"w": 77,
						"h": 53
					}
				}
			]
		}
	],
	"meta": {
		"app": "https://www.codeandweb.com/texturepacker",
		"version": "3.0",
		"smartupdate": "$TexturePacker:SmartUpdate:66f1e581c97d05f0937c23447f27d1ff:6355a93b5855d0f99f8c1ed9f6ba0fb3:1061686de59298529f6a4fc7550209ec$"
	}
}
