{
	"textures": [
		{
			"image": "bat.png",
			"format": "RGBA8888",
			"size": {
				"w": 228,
				"h": 47
			},
			"scale": 1,
			"frames": [
				{
					"filename": "bat.png",
					"rotated": false,
					"trimmed": false,
					"sourceSize": {
						"w": 70,
						"h": 47
					},
					"spriteSourceSize": {
						"x": 0,
						"y": 0,
						"w": 70,
						"h": 47
					},
					"frame": {
						"x": 0,
						"y": 0,
						"w": 70,
						"h": 47
					}
				},
				{
					"filename": "bat_dead.png",
					"rotated": false,
					"trimmed": false,
					"sourceSize": {
						"w": 70,
						"h": 47
					},
					"spriteSourceSize": {
						"x": 0,
						"y": 0,
						"w": 70,
						"h": 47
					},
					"frame": {
						"x": 70,
						"y": 0,
						"w": 70,
						"h": 47
					}
				},
				{
					"filename": "bat_fly.png",
					"rotated": false,
					"trimmed": false,
					"sourceSize": {
						"w": 88,
						"h": 37
					},
					"spriteSourceSize": {
						"x": 0,
						"y": 0,
						"w": 88,
						"h": 37
					},
					"frame": {
						"x": 140,
						"y": 0,
						"w": 88,
						"h": 37
					}
				}
			]
		}
	],
	"meta": {
		"app": "https://www.codeandweb.com/texturepacker",
		"version": "3.0",
		"smartupdate": "$TexturePacker:SmartUpdate:2799075b773553585b93ac92b6505fec:ba2d4a1aa2261665d2e24825aaff8cf6:7701fa4d77073f039a4bfcba279ca81e$"
	}
}
