{
	"textures": [
		{
			"image": "backgroundScene.png",
			"format": "RGBA8888",
			"size": {
				"w": 1024,
				"h": 1536
			},
			"scale": 1,
			"frames": [
				{
					"filename": "bg_desert.png",
					"rotated": false,
					"trimmed": false,
					"sourceSize": {
						"w": 1024,
						"h": 512
					},
					"spriteSourceSize": {
						"x": 0,
						"y": 0,
						"w": 1024,
						"h": 512
					},
					"frame": {
						"x": 0,
						"y": 0,
						"w": 1024,
						"h": 512
					}
				},
				{
					"filename": "bg_grasslands.png",
					"rotated": false,
					"trimmed": false,
					"sourceSize": {
						"w": 1024,
						"h": 512
					},
					"spriteSourceSize": {
						"x": 0,
						"y": 0,
						"w": 1024,
						"h": 512
					},
					"frame": {
						"x": 0,
						"y": 512,
						"w": 1024,
						"h": 512
					}
				},
				{
					"filename": "bg_shroom.png",
					"rotated": false,
					"trimmed": false,
					"sourceSize": {
						"w": 1024,
						"h": 512
					},
					"spriteSourceSize": {
						"x": 0,
						"y": 0,
						"w": 1024,
						"h": 512
					},
					"frame": {
						"x": 0,
						"y": 1024,
						"w": 1024,
						"h": 512
					}
				}
			]
		}
	],
	"meta": {
		"app": "https://www.codeandweb.com/texturepacker",
		"version": "3.0",
		"smartupdate": "$TexturePacker:SmartUpdate:58087e8bfd0de5aecfcb063b2b446f53:a1ded5d4b2ef43cac973d76e086540ef:feeaddcfff3106139a573a3d397ea22e$"
	}
}
