{
	"textures": [
		{
			"image": "slimeGreen.png",
			"format": "RGBA8888",
			"size": {
				"w": 98,
				"h": 34
			},
			"scale": 1,
			"frames": [
				{
					"filename": "slimeGreen.png",
					"rotated": false,
					"trimmed": false,
					"sourceSize": {
						"w": 49,
						"h": 34
					},
					"spriteSourceSize": {
						"x": 0,
						"y": 0,
						"w": 49,
						"h": 34
					},
					"frame": {
						"x": 0,
						"y": 0,
						"w": 49,
						"h": 34
					}
				},
				{
					"filename": "slimeGreen_dead.png",
					"rotated": false,
					"trimmed": false,
					"sourceSize": {
						"w": 49,
						"h": 34
					},
					"spriteSourceSize": {
						"x": 0,
						"y": 0,
						"w": 49,
						"h": 34
					},
					"frame": {
						"x": 49,
						"y": 0,
						"w": 49,
						"h": 34
					}
				}
			]
		}
	],
	"meta": {
		"app": "https://www.codeandweb.com/texturepacker",
		"version": "3.0",
		"smartupdate": "$TexturePacker:SmartUpdate:f00dc7a02d9b3a6c775bfefffcd08f44:da53f2716a1dda91438f2c53e494830e:314bab57303c6d08a26bd5e0144ebd6d$"
	}
}
