{
	"textures": [
		{
			"image": "blueSwitch.png",
			"format": "RGBA8888",
			"size": {
				"w": 140,
				"h": 70
			},
			"scale": 1,
			"frames": [
				{
					"filename": "laserSwitchBlueOff.png",
					"rotated": false,
					"trimmed": false,
					"sourceSize": {
						"w": 70,
						"h": 70
					},
					"spriteSourceSize": {
						"x": 0,
						"y": 0,
						"w": 70,
						"h": 70
					},
					"frame": {
						"x": 0,
						"y": 0,
						"w": 70,
						"h": 70
					}
				},
				{
					"filename": "laserSwitchBlueOn.png",
					"rotated": false,
					"trimmed": false,
					"sourceSize": {
						"w": 70,
						"h": 70
					},
					"spriteSourceSize": {
						"x": 0,
						"y": 0,
						"w": 70,
						"h": 70
					},
					"frame": {
						"x": 70,
						"y": 0,
						"w": 70,
						"h": 70
					}
				}
			]
		}
	],
	"meta": {
		"app": "https://www.codeandweb.com/texturepacker",
		"version": "3.0",
		"smartupdate": "$TexturePacker:SmartUpdate:abcfdd71febb1967e4059286d58a3cd2:6d7b5f57ccf59205004cafc64d960080:7e27c4b2018289cae4a93680228360a5$"
	}
}
