{
	"textures": [
		{
			"image": "greenEnemy.png",
			"format": "RGBA8888",
			"size": {
				"w": 192,
				"h": 146
			},
			"scale": 1,
			"frames": [
				{
					"filename": "hill_large.png",
					"rotated": false,
					"trimmed": false,
					"sourceSize": {
						"w": 48,
						"h": 146
					},
					"spriteSourceSize": {
						"x": 0,
						"y": 0,
						"w": 48,
						"h": 146
					},
					"frame": {
						"x": 0,
						"y": 0,
						"w": 48,
						"h": 146
					},
					"anchor": {
						"x": 0.5,
						"y": 0.5
					}
				},
				{
					"filename": "hill_largeAlt.png",
					"rotated": false,
					"trimmed": false,
					"sourceSize": {
						"w": 48,
						"h": 146
					},
					"spriteSourceSize": {
						"x": 0,
						"y": 0,
						"w": 48,
						"h": 146
					},
					"frame": {
						"x": 48,
						"y": 0,
						"w": 48,
						"h": 146
					},
					"anchor": {
						"x": 0.5,
						"y": 0.5
					}
				},
				{
					"filename": "hill_small.png",
					"rotated": false,
					"trimmed": false,
					"sourceSize": {
						"w": 48,
						"h": 106
					},
					"spriteSourceSize": {
						"x": 0,
						"y": 0,
						"w": 48,
						"h": 106
					},
					"frame": {
						"x": 96,
						"y": 0,
						"w": 48,
						"h": 106
					},
					"anchor": {
						"x": 0.5,
						"y": 0.5
					}
				},
				{
					"filename": "hill_smallAlt.png",
					"rotated": false,
					"trimmed": false,
					"sourceSize": {
						"w": 48,
						"h": 106
					},
					"spriteSourceSize": {
						"x": 0,
						"y": 0,
						"w": 48,
						"h": 106
					},
					"frame": {
						"x": 144,
						"y": 0,
						"w": 48,
						"h": 106
					},
					"anchor": {
						"x": 0.5,
						"y": 0.5
					}
				}
			]
		}
	],
	"meta": {
		"app": "https://www.codeandweb.com/texturepacker",
		"version": "3.0",
		"smartupdate": "$TexturePacker:SmartUpdate:4754b6cecdfdb752fe603c43b06c4864:a55dd89ccbca3452ae56e0a3c5251ec7:a09c8198c902638a56d7672282458828$"
	}
}
