{
	"textures": [
		{
			"image": "barnacle.png",
			"format": "RGBA8888",
			"size": {
				"w": 51,
				"h": 172
			},
			"scale": 1,
			"frames": [
				{
					"filename": "baarnacle.png",
					"rotated": false,
					"trimmed": false,
					"sourceSize": {
						"w": 51,
						"h": 57
					},
					"spriteSourceSize": {
						"x": 0,
						"y": 0,
						"w": 51,
						"h": 57
					},
					"frame": {
						"x": 0,
						"y": 0,
						"w": 51,
						"h": 57
					}
				},
				{
					"filename": "barnacle_bite.png",
					"rotated": false,
					"trimmed": false,
					"sourceSize": {
						"w": 51,
						"h": 58
					},
					"spriteSourceSize": {
						"x": 0,
						"y": 0,
						"w": 51,
						"h": 58
					},
					"frame": {
						"x": 0,
						"y": 57,
						"w": 51,
						"h": 58
					}
				},
				{
					"filename": "barnacle_dead.png",
					"rotated": false,
					"trimmed": false,
					"sourceSize": {
						"w": 51,
						"h": 57
					},
					"spriteSourceSize": {
						"x": 0,
						"y": 0,
						"w": 51,
						"h": 57
					},
					"frame": {
						"x": 0,
						"y": 115,
						"w": 51,
						"h": 57
					}
				}
			]
		}
	],
	"meta": {
		"app": "https://www.codeandweb.com/texturepacker",
		"version": "3.0",
		"smartupdate": "$TexturePacker:SmartUpdate:c15463923a861a5d6fe6106686b5bc6a:6c6e07bb8039ea1ddf65fee38cb98447:bd7931f8e48e43e30ba1dbdc6f73f530$"
	}
}
