{
	"textures": [
		{
			"image": "spinnerHalf.png",
			"format": "RGBA8888",
			"size": {
				"w": 63,
				"h": 92
			},
			"scale": 1,
			"frames": [
				{
					"filename": "spinnerHalf.png",
					"rotated": false,
					"trimmed": false,
					"sourceSize": {
						"w": 63,
						"h": 31
					},
					"spriteSourceSize": {
						"x": 0,
						"y": 0,
						"w": 63,
						"h": 31
					},
					"frame": {
						"x": 0,
						"y": 0,
						"w": 63,
						"h": 31
					}
				},
				{
					"filename": "spinnerHalf_dead.png",
					"rotated": false,
					"trimmed": false,
					"sourceSize": {
						"w": 63,
						"h": 31
					},
					"spriteSourceSize": {
						"x": 0,
						"y": 0,
						"w": 63,
						"h": 31
					},
					"frame": {
						"x": 0,
						"y": 31,
						"w": 63,
						"h": 31
					}
				},
				{
					"filename": "spinnerHalf_spin.png",
					"rotated": false,
					"trimmed": false,
					"sourceSize": {
						"w": 61,
						"h": 30
					},
					"spriteSourceSize": {
						"x": 0,
						"y": 0,
						"w": 61,
						"h": 30
					},
					"frame": {
						"x": 0,
						"y": 62,
						"w": 61,
						"h": 30
					}
				}
			]
		}
	],
	"meta": {
		"app": "https://www.codeandweb.com/texturepacker",
		"version": "3.0",
		"smartupdate": "$TexturePacker:SmartUpdate:affa9b0f6db715ce5b4bec2e43ed9748:9294ac5b04310d66e24e95f6af2802e0:82a88cefa4407db51b436e0d7c8a88e4$"
	}
}
