{
	"textures": [
		{
			"image": "slime.png",
			"format": "RGBA8888",
			"size": {
				"w": 153,
				"h": 51
			},
			"scale": 1,
			"frames": [
				{
					"filename": "blockerBody.png",
					"rotated": false,
					"trimmed": false,
					"sourceSize": {
						"w": 51,
						"h": 51
					},
					"spriteSourceSize": {
						"x": 0,
						"y": 0,
						"w": 51,
						"h": 51
					},
					"frame": {
						"x": 0,
						"y": 0,
						"w": 51,
						"h": 51
					}
				},
				{
					"filename": "blockerMad.png",
					"rotated": false,
					"trimmed": false,
					"sourceSize": {
						"w": 51,
						"h": 51
					},
					"spriteSourceSize": {
						"x": 0,
						"y": 0,
						"w": 51,
						"h": 51
					},
					"frame": {
						"x": 51,
						"y": 0,
						"w": 51,
						"h": 51
					}
				},
				{
					"filename": "blockerSad.png",
					"rotated": false,
					"trimmed": false,
					"sourceSize": {
						"w": 51,
						"h": 51
					},
					"spriteSourceSize": {
						"x": 0,
						"y": 0,
						"w": 51,
						"h": 51
					},
					"frame": {
						"x": 102,
						"y": 0,
						"w": 51,
						"h": 51
					}
				}
			]
		}
	],
	"meta": {
		"app": "https://www.codeandweb.com/texturepacker",
		"version": "3.0",
		"smartupdate": "$TexturePacker:SmartUpdate:8d3ae7a0631ad18d79915a74fcf3a99b:b031fa2d904a6b189c62a6793557d9d9:5969a7bd39dc609f49b3bb3f3e71107a$"
	}
}
