{
	"textures": [
		{
			"image": "pocker.png",
			"format": "RGBA8888",
			"size": {
				"w": 48,
				"h": 292
			},
			"scale": 1,
			"frames": [
				{
					"filename": "pokerMad.png",
					"rotated": false,
					"trimmed": false,
					"sourceSize": {
						"w": 48,
						"h": 146
					},
					"spriteSourceSize": {
						"x": 0,
						"y": 0,
						"w": 48,
						"h": 146
					},
					"frame": {
						"x": 0,
						"y": 0,
						"w": 48,
						"h": 146
					}
				},
				{
					"filename": "pokerSad.png",
					"rotated": false,
					"trimmed": false,
					"sourceSize": {
						"w": 48,
						"h": 146
					},
					"spriteSourceSize": {
						"x": 0,
						"y": 0,
						"w": 48,
						"h": 146
					},
					"frame": {
						"x": 0,
						"y": 146,
						"w": 48,
						"h": 146
					}
				}
			]
		}
	],
	"meta": {
		"app": "https://www.codeandweb.com/texturepacker",
		"version": "3.0",
		"smartupdate": "$TexturePacker:SmartUpdate:ca5fda69abd6be063791abadbbab89ad:37c83054030b31a37155fde9d8ce6f6b:3d5dcee6ab0e53184f5bc9bc3da822b7$"
	}
}
