{
	"textures": [
		{
			"image": "springBoard.png",
			"format": "RGBA8888",
			"size": {
				"w": 70,
				"h": 88
			},
			"scale": 1,
			"frames": [
				{
					"filename": "springboardBase.png",
					"rotated": false,
					"trimmed": true,
					"sourceSize": {
						"w": 70,
						"h": 70
					},
					"spriteSourceSize": {
						"x": 0,
						"y": 33,
						"w": 70,
						"h": 37
					},
					"frame": {
						"x": 0,
						"y": 0,
						"w": 70,
						"h": 37
					}
				},
				{
					"filename": "springboardJump.png",
					"rotated": false,
					"trimmed": true,
					"sourceSize": {
						"w": 70,
						"h": 70
					},
					"spriteSourceSize": {
						"x": 0,
						"y": 19,
						"w": 70,
						"h": 51
					},
					"frame": {
						"x": 0,
						"y": 37,
						"w": 70,
						"h": 51
					}
				}
			]
		}
	],
	"meta": {
		"app": "https://www.codeandweb.com/texturepacker",
		"version": "3.0",
		"smartupdate": "$TexturePacker:SmartUpdate:7e31063683778beabd341864b360be72:2be5afb8bce9ac32fbc1baa9b48944d2:bc48d87bd3b51b09016c24fa77d76bdd$"
	}
}
