{
	"textures": [
		{
			"image": "yellow.png",
			"format": "RGBA8888",
			"size": {
				"w": 472,
				"h": 86
			},
			"scale": 1,
			"frames": [
				{
					"filename": "alienYellow_climb1.png",
					"rotated": false,
					"trimmed": false,
					"sourceSize": {
						"w": 66,
						"h": 82
					},
					"spriteSourceSize": {
						"x": 0,
						"y": 0,
						"w": 66,
						"h": 82
					},
					"frame": {
						"x": 0,
						"y": 0,
						"w": 66,
						"h": 82
					}
				},
				{
					"filename": "alienYellow_climb2.png",
					"rotated": false,
					"trimmed": false,
					"sourceSize": {
						"w": 66,
						"h": 82
					},
					"spriteSourceSize": {
						"x": 0,
						"y": 0,
						"w": 66,
						"h": 82
					},
					"frame": {
						"x": 66,
						"y": 0,
						"w": 66,
						"h": 82
					}
				},
				{
					"filename": "alienYellow_hurt.png",
					"rotated": false,
					"trimmed": false,
					"sourceSize": {
						"w": 69,
						"h": 81
					},
					"spriteSourceSize": {
						"x": 0,
						"y": 0,
						"w": 69,
						"h": 81
					},
					"frame": {
						"x": 132,
						"y": 0,
						"w": 69,
						"h": 81
					}
				},
				{
					"filename": "alienYellow_jump.png",
					"rotated": false,
					"trimmed": false,
					"sourceSize": {
						"w": 67,
						"h": 83
					},
					"spriteSourceSize": {
						"x": 0,
						"y": 0,
						"w": 67,
						"h": 83
					},
					"frame": {
						"x": 201,
						"y": 0,
						"w": 67,
						"h": 83
					}
				},
				{
					"filename": "alienYellow_stand.png",
					"rotated": false,
					"trimmed": false,
					"sourceSize": {
						"w": 66,
						"h": 82
					},
					"spriteSourceSize": {
						"x": 0,
						"y": 0,
						"w": 66,
						"h": 82
					},
					"frame": {
						"x": 268,
						"y": 0,
						"w": 66,
						"h": 82
					}
				},
				{
					"filename": "alienYellow_walk1.png",
					"rotated": false,
					"trimmed": false,
					"sourceSize": {
						"w": 68,
						"h": 83
					},
					"spriteSourceSize": {
						"x": 0,
						"y": 0,
						"w": 68,
						"h": 83
					},
					"frame": {
						"x": 334,
						"y": 0,
						"w": 68,
						"h": 83
					}
				},
				{
					"filename": "alienYellow_walk2.png",
					"rotated": false,
					"trimmed": false,
					"sourceSize": {
						"w": 70,
						"h": 86
					},
					"spriteSourceSize": {
						"x": 0,
						"y": 0,
						"w": 70,
						"h": 86
					},
					"frame": {
						"x": 402,
						"y": 0,
						"w": 70,
						"h": 86
					}
				}
			]
		}
	],
	"meta": {
		"app": "https://www.codeandweb.com/texturepacker",
		"version": "3.0",
		"smartupdate": "$TexturePacker:SmartUpdate:3816075657be41e77e3b67e302852561:d9d48d9f698769a6ed65d5bd07d13f38:fc2f53696ee5d33abf91076847e3d453$"
	}
}
