{
	"textures": [
		{
			"image": "fishPink.png",
			"format": "RGBA8888",
			"size": {
				"w": 177,
				"h": 45
			},
			"scale": 1,
			"frames": [
				{
					"filename": "fishPink.png",
					"rotated": false,
					"trimmed": false,
					"sourceSize": {
						"w": 60,
						"h": 45
					},
					"spriteSourceSize": {
						"x": 0,
						"y": 0,
						"w": 60,
						"h": 45
					},
					"frame": {
						"x": 0,
						"y": 0,
						"w": 60,
						"h": 45
					}
				},
				{
					"filename": "fishPink_dead.png",
					"rotated": false,
					"trimmed": false,
					"sourceSize": {
						"w": 60,
						"h": 45
					},
					"spriteSourceSize": {
						"x": 0,
						"y": 0,
						"w": 60,
						"h": 45
					},
					"frame": {
						"x": 60,
						"y": 0,
						"w": 60,
						"h": 45
					}
				},
				{
					"filename": "fishPink_swim.png",
					"rotated": false,
					"trimmed": false,
					"sourceSize": {
						"w": 57,
						"h": 44
					},
					"spriteSourceSize": {
						"x": 0,
						"y": 0,
						"w": 57,
						"h": 44
					},
					"frame": {
						"x": 120,
						"y": 0,
						"w": 57,
						"h": 44
					}
				}
			]
		}
	],
	"meta": {
		"app": "https://www.codeandweb.com/texturepacker",
		"version": "3.0",
		"smartupdate": "$TexturePacker:SmartUpdate:8dc27d320a4f1715a14fc83f4813bb2b:6bb6cb9edfdf4a90b68ba02c3574fc4d:0b80aa5a63c6e10ffe4787e03e0a7d1f$"
	}
}
