{
	"textures": [
		{
			"image": "greenSwitch.png",
			"format": "RGBA8888",
			"size": {
				"w": 140,
				"h": 70
			},
			"scale": 1,
			"frames": [
				{
					"filename": "laserSwitchGreenOff.png",
					"rotated": false,
					"trimmed": false,
					"sourceSize": {
						"w": 70,
						"h": 70
					},
					"spriteSourceSize": {
						"x": 0,
						"y": 0,
						"w": 70,
						"h": 70
					},
					"frame": {
						"x": 0,
						"y": 0,
						"w": 70,
						"h": 70
					}
				},
				{
					"filename": "laserSwitchGreenOn.png",
					"rotated": false,
					"trimmed": false,
					"sourceSize": {
						"w": 70,
						"h": 70
					},
					"spriteSourceSize": {
						"x": 0,
						"y": 0,
						"w": 70,
						"h": 70
					},
					"frame": {
						"x": 70,
						"y": 0,
						"w": 70,
						"h": 70
					}
				}
			]
		}
	],
	"meta": {
		"app": "https://www.codeandweb.com/texturepacker",
		"version": "3.0",
		"smartupdate": "$TexturePacker:SmartUpdate:4504e70f19366866deb327bf157314e4:0c35faa18eb535e6f7f14ffe686a254e:2c0b003a6b059701f5e332b9b247ec00$"
	}
}
