{
	"textures": [
		{
			"image": "snakeLava.png",
			"format": "RGBA8888",
			"size": {
				"w": 53,
				"h": 441
			},
			"scale": 1,
			"frames": [
				{
					"filename": "snakeLava.png",
					"rotated": false,
					"trimmed": false,
					"sourceSize": {
						"w": 53,
						"h": 147
					},
					"spriteSourceSize": {
						"x": 0,
						"y": 0,
						"w": 53,
						"h": 147
					},
					"frame": {
						"x": 0,
						"y": 0,
						"w": 53,
						"h": 147
					}
				},
				{
					"filename": "snakeLava_ani.png",
					"rotated": false,
					"trimmed": false,
					"sourceSize": {
						"w": 52,
						"h": 147
					},
					"spriteSourceSize": {
						"x": 0,
						"y": 0,
						"w": 52,
						"h": 147
					},
					"frame": {
						"x": 0,
						"y": 147,
						"w": 52,
						"h": 147
					}
				},
				{
					"filename": "snakeLava_dead.png",
					"rotated": false,
					"trimmed": false,
					"sourceSize": {
						"w": 53,
						"h": 147
					},
					"spriteSourceSize": {
						"x": 0,
						"y": 0,
						"w": 53,
						"h": 147
					},
					"frame": {
						"x": 0,
						"y": 294,
						"w": 53,
						"h": 147
					}
				}
			]
		}
	],
	"meta": {
		"app": "https://www.codeandweb.com/texturepacker",
		"version": "3.0",
		"smartupdate": "$TexturePacker:SmartUpdate:65e3241a4118a84e70e5c30d08cffd7c:dac940544c5d1ae9618bfc4a14f4905b:8dbfc54d007297a77e547958d410ec8b$"
	}
}
