{
	"textures": [
		{
			"image": "pinkSlime.png",
			"format": "RGBA8888",
			"size": {
				"w": 51,
				"h": 54
			},
			"scale": 1,
			"frames": [
				{
					"filename": "slimeWalk1.png",
					"rotated": false,
					"trimmed": false,
					"sourceSize": {
						"w": 50,
						"h": 28
					},
					"spriteSourceSize": {
						"x": 0,
						"y": 0,
						"w": 50,
						"h": 28
					},
					"frame": {
						"x": 0,
						"y": 0,
						"w": 50,
						"h": 28
					}
				},
				{
					"filename": "slimeWalk2.png",
					"rotated": false,
					"trimmed": false,
					"sourceSize": {
						"w": 51,
						"h": 26
					},
					"spriteSourceSize": {
						"x": 0,
						"y": 0,
						"w": 51,
						"h": 26
					},
					"frame": {
						"x": 0,
						"y": 28,
						"w": 51,
						"h": 26
					}
				}
			]
		}
	],
	"meta": {
		"app": "https://www.codeandweb.com/texturepacker",
		"version": "3.0",
		"smartupdate": "$TexturePacker:SmartUpdate:a4e80c741b9348aa0ce107692b30011b:9095227917152205b3950229cff5741c:059591984f2602c51d0f076802c38955$"
	}
}
