{
	"textures": [
		{
			"image": "slimeBlue.png",
			"format": "RGBA8888",
			"size": {
				"w": 98,
				"h": 34
			},
			"scale": 1,
			"frames": [
				{
					"filename": "slimeBlue.png",
					"rotated": false,
					"trimmed": false,
					"sourceSize": {
						"w": 49,
						"h": 34
					},
					"spriteSourceSize": {
						"x": 0,
						"y": 0,
						"w": 49,
						"h": 34
					},
					"frame": {
						"x": 0,
						"y": 0,
						"w": 49,
						"h": 34
					}
				},
				{
					"filename": "slimeBlue_dead.png",
					"rotated": false,
					"trimmed": false,
					"sourceSize": {
						"w": 49,
						"h": 34
					},
					"spriteSourceSize": {
						"x": 0,
						"y": 0,
						"w": 49,
						"h": 34
					},
					"frame": {
						"x": 49,
						"y": 0,
						"w": 49,
						"h": 34
					}
				}
			]
		}
	],
	"meta": {
		"app": "https://www.codeandweb.com/texturepacker",
		"version": "3.0",
		"smartupdate": "$TexturePacker:SmartUpdate:95db182b224880fa28e63773bb6ea972:74f9ae989282a41665b970a363919711:e4880b683d557248db8538fc18d8e2ac$"
	}
}
