{
	"textures": [
		{
			"image": "ghost.png",
			"format": "RGBA8888",
			"size": {
				"w": 51,
				"h": 219
			},
			"scale": 1,
			"frames": [
				{
					"filename": "ghost.png",
					"rotated": false,
					"trimmed": false,
					"sourceSize": {
						"w": 51,
						"h": 73
					},
					"spriteSourceSize": {
						"x": 0,
						"y": 0,
						"w": 51,
						"h": 73
					},
					"frame": {
						"x": 0,
						"y": 0,
						"w": 51,
						"h": 73
					}
				},
				{
					"filename": "ghost_dead.png",
					"rotated": false,
					"trimmed": false,
					"sourceSize": {
						"w": 51,
						"h": 73
					},
					"spriteSourceSize": {
						"x": 0,
						"y": 0,
						"w": 51,
						"h": 73
					},
					"frame": {
						"x": 0,
						"y": 73,
						"w": 51,
						"h": 73
					}
				},
				{
					"filename": "ghost_normal.png",
					"rotated": false,
					"trimmed": false,
					"sourceSize": {
						"w": 51,
						"h": 73
					},
					"spriteSourceSize": {
						"x": 0,
						"y": 0,
						"w": 51,
						"h": 73
					},
					"frame": {
						"x": 0,
						"y": 146,
						"w": 51,
						"h": 73
					}
				}
			]
		}
	],
	"meta": {
		"app": "https://www.codeandweb.com/texturepacker",
		"version": "3.0",
		"smartupdate": "$TexturePacker:SmartUpdate:48780185275eb23890bc9ec338881152:e1d6ba9552427215b911ae5b0bedf066:b31693b259803c8d1bb23bbc8fdbb451$"
	}
}
