{
	"textures": [
		{
			"image": "snakeSlime.png",
			"format": "RGBA8888",
			"size": {
				"w": 53,
				"h": 441
			},
			"scale": 1,
			"frames": [
				{
					"filename": "snakeSlime.png",
					"rotated": false,
					"trimmed": false,
					"sourceSize": {
						"w": 53,
						"h": 147
					},
					"spriteSourceSize": {
						"x": 0,
						"y": 0,
						"w": 53,
						"h": 147
					},
					"frame": {
						"x": 0,
						"y": 0,
						"w": 53,
						"h": 147
					}
				},
				{
					"filename": "snakeSlime_ani.png",
					"rotated": false,
					"trimmed": false,
					"sourceSize": {
						"w": 52,
						"h": 147
					},
					"spriteSourceSize": {
						"x": 0,
						"y": 0,
						"w": 52,
						"h": 147
					},
					"frame": {
						"x": 0,
						"y": 147,
						"w": 52,
						"h": 147
					}
				},
				{
					"filename": "snakeSlime_dead.png",
					"rotated": false,
					"trimmed": false,
					"sourceSize": {
						"w": 53,
						"h": 147
					},
					"spriteSourceSize": {
						"x": 0,
						"y": 0,
						"w": 53,
						"h": 147
					},
					"frame": {
						"x": 0,
						"y": 294,
						"w": 53,
						"h": 147
					}
				}
			]
		}
	],
	"meta": {
		"app": "https://www.codeandweb.com/texturepacker",
		"version": "3.0",
		"smartupdate": "$TexturePacker:SmartUpdate:fa0e2a9c1111ab559c5d527ca3c6da9f:3af72818fc76cc63667ac70db0ebaa5f:b0c151b1eddf47fcd708b1d88ef64752$"
	}
}
