{
	"textures": [
		{
			"image": "snake.png",
			"format": "RGBA8888",
			"size": {
				"w": 189,
				"h": 23
			},
			"scale": 1,
			"frames": [
				{
					"filename": "snake.png",
					"rotated": false,
					"trimmed": false,
					"sourceSize": {
						"w": 63,
						"h": 23
					},
					"spriteSourceSize": {
						"x": 0,
						"y": 0,
						"w": 63,
						"h": 23
					},
					"frame": {
						"x": 0,
						"y": 0,
						"w": 63,
						"h": 23
					}
				},
				{
					"filename": "snake_dead.png",
					"rotated": false,
					"trimmed": false,
					"sourceSize": {
						"w": 63,
						"h": 23
					},
					"spriteSourceSize": {
						"x": 0,
						"y": 0,
						"w": 63,
						"h": 23
					},
					"frame": {
						"x": 63,
						"y": 0,
						"w": 63,
						"h": 23
					}
				},
				{
					"filename": "snake_walk.png",
					"rotated": false,
					"trimmed": false,
					"sourceSize": {
						"w": 63,
						"h": 23
					},
					"spriteSourceSize": {
						"x": 0,
						"y": 0,
						"w": 63,
						"h": 23
					},
					"frame": {
						"x": 126,
						"y": 0,
						"w": 63,
						"h": 23
					}
				}
			]
		}
	],
	"meta": {
		"app": "https://www.codeandweb.com/texturepacker",
		"version": "3.0",
		"smartupdate": "$TexturePacker:SmartUpdate:704e5d360d058168647d437d1fce517b:8156c7034a2e78aaec065283d10e9106:2a194967d71da88bdc69ff162da0bdf1$"
	}
}
