{
	"textures": [
		{
			"image": "grey.png",
			"format": "RGBA8888",
			"size": {
				"w": 469,
				"h": 96
			},
			"scale": 1,
			"frames": [
				{
					"filename": "alienBeige_climb1.png",
					"rotated": false,
					"trimmed": false,
					"sourceSize": {
						"w": 66,
						"h": 95
					},
					"spriteSourceSize": {
						"x": 0,
						"y": 0,
						"w": 66,
						"h": 95
					},
					"frame": {
						"x": 0,
						"y": 0,
						"w": 66,
						"h": 95
					}
				},
				{
					"filename": "alienBeige_climb2.png",
					"rotated": false,
					"trimmed": false,
					"sourceSize": {
						"w": 66,
						"h": 95
					},
					"spriteSourceSize": {
						"x": 0,
						"y": 0,
						"w": 66,
						"h": 95
					},
					"frame": {
						"x": 66,
						"y": 0,
						"w": 66,
						"h": 95
					}
				},
				{
					"filename": "alienBeige_hurt.png",
					"rotated": false,
					"trimmed": false,
					"sourceSize": {
						"w": 67,
						"h": 92
					},
					"spriteSourceSize": {
						"x": 0,
						"y": 0,
						"w": 67,
						"h": 92
					},
					"frame": {
						"x": 132,
						"y": 0,
						"w": 67,
						"h": 92
					}
				},
				{
					"filename": "alienBeige_jump.png",
					"rotated": false,
					"trimmed": false,
					"sourceSize": {
						"w": 66,
						"h": 93
					},
					"spriteSourceSize": {
						"x": 0,
						"y": 0,
						"w": 66,
						"h": 93
					},
					"frame": {
						"x": 199,
						"y": 0,
						"w": 66,
						"h": 93
					}
				},
				{
					"filename": "alienBeige_stand.png",
					"rotated": false,
					"trimmed": false,
					"sourceSize": {
						"w": 66,
						"h": 92
					},
					"spriteSourceSize": {
						"x": 0,
						"y": 0,
						"w": 66,
						"h": 92
					},
					"frame": {
						"x": 265,
						"y": 0,
						"w": 66,
						"h": 92
					}
				},
				{
					"filename": "alienBeige_walk1.png",
					"rotated": false,
					"trimmed": false,
					"sourceSize": {
						"w": 68,
						"h": 93
					},
					"spriteSourceSize": {
						"x": 0,
						"y": 0,
						"w": 68,
						"h": 93
					},
					"frame": {
						"x": 331,
						"y": 0,
						"w": 68,
						"h": 93
					}
				},
				{
					"filename": "alienBeige_walk2.png",
					"rotated": false,
					"trimmed": false,
					"sourceSize": {
						"w": 70,
						"h": 96
					},
					"spriteSourceSize": {
						"x": 0,
						"y": 0,
						"w": 70,
						"h": 96
					},
					"frame": {
						"x": 399,
						"y": 0,
						"w": 70,
						"h": 96
					}
				}
			]
		}
	],
	"meta": {
		"app": "https://www.codeandweb.com/texturepacker",
		"version": "3.0",
		"smartupdate": "$TexturePacker:SmartUpdate:8fe01ff78babed1138b8375a4e8bae75:75b9fffc76a2c7d888f0ec497735a1a2:dfc8b3fb6071ab52d16300fd42ea716b$"
	}
}
