{
	"textures": [
		{
			"image": "spinner.png",
			"format": "RGBA8888",
			"size": {
				"w": 187,
				"h": 62
			},
			"scale": 1,
			"frames": [
				{
					"filename": "spinner.png",
					"rotated": false,
					"trimmed": false,
					"sourceSize": {
						"w": 63,
						"h": 62
					},
					"spriteSourceSize": {
						"x": 0,
						"y": 0,
						"w": 63,
						"h": 62
					},
					"frame": {
						"x": 0,
						"y": 0,
						"w": 63,
						"h": 62
					}
				},
				{
					"filename": "spinner_dead.png",
					"rotated": false,
					"trimmed": false,
					"sourceSize": {
						"w": 63,
						"h": 62
					},
					"spriteSourceSize": {
						"x": 0,
						"y": 0,
						"w": 63,
						"h": 62
					},
					"frame": {
						"x": 63,
						"y": 0,
						"w": 63,
						"h": 62
					}
				},
				{
					"filename": "spinner_spin.png",
					"rotated": false,
					"trimmed": false,
					"sourceSize": {
						"w": 61,
						"h": 61
					},
					"spriteSourceSize": {
						"x": 0,
						"y": 0,
						"w": 61,
						"h": 61
					},
					"frame": {
						"x": 126,
						"y": 0,
						"w": 61,
						"h": 61
					}
				}
			]
		}
	],
	"meta": {
		"app": "https://www.codeandweb.com/texturepacker",
		"version": "3.0",
		"smartupdate": "$TexturePacker:SmartUpdate:a414c6d59eb19ab77cc18495437d19d5:a9b3b58ecb60a65d0870dc8a9476c823:ff5cf2748a7764e9d29758c60113d5b7$"
	}
}
