{
	"textures": [
		{
			"image": "buttonBlue.png",
			"format": "RGBA8888",
			"size": {
				"w": 140,
				"h": 70
			},
			"scale": 1,
			"frames": [
				{
					"filename": "buttonBlue.png",
					"rotated": false,
					"trimmed": false,
					"sourceSize": {
						"w": 70,
						"h": 70
					},
					"spriteSourceSize": {
						"x": 0,
						"y": 0,
						"w": 70,
						"h": 70
					},
					"frame": {
						"x": 0,
						"y": 0,
						"w": 70,
						"h": 70
					}
				},
				{
					"filename": "buttonBlue_pressed.png",
					"rotated": false,
					"trimmed": false,
					"sourceSize": {
						"w": 70,
						"h": 70
					},
					"spriteSourceSize": {
						"x": 0,
						"y": 0,
						"w": 70,
						"h": 70
					},
					"frame": {
						"x": 70,
						"y": 0,
						"w": 70,
						"h": 70
					}
				}
			]
		}
	],
	"meta": {
		"app": "https://www.codeandweb.com/texturepacker",
		"version": "3.0",
		"smartupdate": "$TexturePacker:SmartUpdate:647a87fc9016b8eb462770d415396077:9e19c8ac7d5b0330953d0f6ca30de2d1:e92da9eba821de75ee08c42494da2014$"
	}
}
