{
	"textures": [
		{
			"image": "buttonRed.png",
			"format": "RGBA8888",
			"size": {
				"w": 140,
				"h": 70
			},
			"scale": 1,
			"frames": [
				{
					"filename": "buttonRed.png",
					"rotated": false,
					"trimmed": false,
					"sourceSize": {
						"w": 70,
						"h": 70
					},
					"spriteSourceSize": {
						"x": 0,
						"y": 0,
						"w": 70,
						"h": 70
					},
					"frame": {
						"x": 0,
						"y": 0,
						"w": 70,
						"h": 70
					}
				},
				{
					"filename": "buttonRed_pressed.png",
					"rotated": false,
					"trimmed": false,
					"sourceSize": {
						"w": 70,
						"h": 70
					},
					"spriteSourceSize": {
						"x": 0,
						"y": 0,
						"w": 70,
						"h": 70
					},
					"frame": {
						"x": 70,
						"y": 0,
						"w": 70,
						"h": 70
					}
				}
			]
		}
	],
	"meta": {
		"app": "https://www.codeandweb.com/texturepacker",
		"version": "3.0",
		"smartupdate": "$TexturePacker:SmartUpdate:c68394690d9ee14b93849332f18a16c4:094d03fe3b5793912c3f955ef9674dac:eca617b881364d42b5f977b663eb980d$"
	}
}
